Group,IQR_1.5,Percentage_IQR_1.5,IQR_2.0,Percentage_IQR_2.0,IQR_2.5,Percentage_IQR_2.5,IQR_3.0,Percentage_IQR_3.0,IQR_3.5,Percentage_IQR_3.5,IQR_4.0,Percentage_IQR_4.0,IQR_4.5,Percentage_IQR_4.5,IQR_5.0,Percentage_IQR_5.0,IQR_5.5,Percentage_IQR_5.5,IQR_6.0,Percentage_IQR_6.0
movie,352,6.266690404130319,118,2.1007655332027775,64,1.1393982552964217,37,0.6587146163432437,21,0.3738650525191384,16,0.2848495638241054,11,0.19583407512907247,9,0.16022787965105928,8,0.1424247819120527,8,0.1424247819120527
short,0,0.0,0,0.0,0,0.0,0,0.0,0,0.0,0,0.0,0,0.0,0,0.0,0,0.0,0,0.0
tvEpisode,61,1.4107308048103608,14,0.32377428307123035,10,0.23126734505087881,4,0.09250693802035154,3,0.06938020351526364,1,0.023126734505087884,0,0.0,0,0.0,0,0.0,0,0.0
tvMiniSeries,1,0.7246376811594203,1,0.7246376811594203,0,0.0,0,0.0,0,0.0,0,0.0,0,0.0,0,0.0,0,0.0,0,0.0
tvMovie,31,3.6948748510131106,12,1.430274135876043,4,0.47675804529201427,1,0.11918951132300357,1,0.11918951132300357,0,0.0,0,0.0,0,0.0,0,0.0,0,0.0
tvSeries,47,5.228031145717464,30,3.337041156840934,19,2.1134593993325916,17,1.8909899888765296,14,1.557285873192436,14,1.557285873192436,13,1.4460511679644048,11,1.2235817575083427,8,0.8898776418242491,7,0.778642936596218
tvShort,0,0.0,0,0.0,0,0.0,0,0.0,0,0.0,0,0.0,0,0.0,0,0.0,0,0.0,0,0.0
tvSpecial,6,5.405405405405405,3,2.7027027027027026,3,2.7027027027027026,3,2.7027027027027026,3,2.7027027027027026,2,1.8018018018018018,1,0.9009009009009009,0,0.0,0,0.0,0,0.0
video,3,0.4172461752433936,1,0.13908205841446453,1,0.13908205841446453,0,0.0,0,0.0,0,0.0,0,0.0,0,0.0,0,0.0,0,0.0
